company_id,year,net_profit_margin_pct,operating_profit_margin_pct,return_on_equity_pct,debt_to_equity,interest_coverage,asset_turnover,return_on_assets_pct,return_on_capital_employed_pct,quality_score,quality_rank
INDIGO,2013.0,8.551559274149733,90.7095512332935,17886.363636363636,2.5,28.23310810810811,353.96153846153845,3026.923076923077,0.0,20921.838272560864,1.0
BEL,2015.0,16.875793035387,16.622021711546594,17100.0,3.7142857142857144,240.85714285714286,144.75510204081633,2442.8571428571427,0.0,19559.732935892527,1.0
BEL,2013.0,14.522556990275785,10.664753706360592,15183.333333333334,4.0,184.42857142857142,139.4,2024.4444444444443,0.0,17222.300334768053,2.0
BEL,2014.0,14.605707272169377,14.191469776004908,13600.0,3.0,194.71428571428572,141.69565217391303,2069.5652173913045,0.0,15684.170924663473,1.0
BEL,2016.0,18.18058199619255,18.94207234158281,11141.666666666668,2.0833333333333335,196.6,141.42307692307693,2571.153846153846,0.0,13731.001094816706,1.0
BEL,2017.0,17.594731977818853,20.70240295748614,10153.333333333334,1.9333333333333333,122.88888888888889,112.41558441558442,1977.922077922078,0.0,12148.85014323323,1.0
INDIGO,2014.0,4.263740217684627,96.10506431591257,10772.727272727272,3.1818181818181817,27.335038363171357,317.62857142857143,1354.2857142857142,0.0,12131.27672723067,2.0
BEL,2024.0,19.661535425300965,24.921057825143084,4744.047619047619,0.5119047619047619,476.75,125.88819875776397,2475.1552795031057,0.0,7238.864433976026,1.0
INDIGO,2015.0,9.364452423698385,86.33393177737881,4939.39393939394,0.15151515151515152,30.470886075949366,228.27868852459017,2137.7049180327867,0.0,7086.4633098504255,2.0
BEL,2023.0,16.837712867937295,23.063042742754032,3981.333333333333,0.52,230.05263157894737,123.15277777777777,2073.611111111111,0.0,6071.782157312381,1.0
HAL,2022.0,20.65800162469537,22.014622258326565,3324.183006535948,0.0784313725490196,98.55384615384615,121.88118811881188,2517.8217821782177,0.0,5862.662790338862,1.0
BEL,2018.0,13.758292471877704,19.603884241899816,4616.129032258064,1.5483870967741935,372.5,85.95867768595042,1182.6446280991736,0.0,5812.531952829116,1.0
HAL,2024.0,24.999177117277245,32.08913465652875,3816.5829145728644,0.6180904522613065,270.8837209302326,67.51333333333334,1687.7777777777776,0.0,5529.359869467919,2.0
HAL,2023.0,21.57976827094474,24.766042780748663,3283.050847457627,0.2655367231638418,130.328125,99.36531365313652,2144.280442804428,0.0,5448.911058532999,2.0
BEL,2019.0,15.512989148306477,23.914830647813222,3851.020408163265,0.9591836734693877,186.375,96.53968253968254,1497.6190476190477,0.0,5364.15244493062,1.0
BEL,2022.0,15.616866215512754,21.759500260281104,3478.260869565217,0.8405797101449275,397.3333333333333,94.28220858895706,1472.3926380368098,0.0,4966.270373817539,2.0
BEL,2021.0,14.88411652136934,22.779785952229073,3559.322033898305,0.8305084745762712,333.9,92.82236842105263,1381.578947368421,0.0,4955.785097788095,1.0
BEL,2020.0,14.073103022825418,21.275447254781,3318.181818181818,0.8,357.25,106.29508196721312,1495.9016393442623,0.0,4828.156560548906,1.0
HAL,2021.0,14.155231186085132,23.341491128397866,2249.3055555555557,0.041666666666666664,21.352059925093634,123.02150537634408,1741.3978494623657,0.0,4004.8586362040064,2.0
HAL,2020.0,13.252506411750991,22.75588715318256,2059.4202898550725,0.014492753623188406,14.749303621169917,123.95953757225433,1642.7745664739884,0.0,3715.4473627408115,2.0
HAL,2017.0,14.573816155988858,18.027855153203344,1966.9172932330828,0.015037593984962405,267.5,105.58823529411765,1538.8235294117646,0.0,3520.3146388008363,2.0
HAL,2019.0,11.72530987604958,22.835865653738505,1763.9097744360904,0.06015037593984962,27.937853107344633,114.33142857142857,1340.5714285714287,0.0,3116.206512883569,2.0
INDIGO,2018.0,9.738934016767299,86.8381043395161,2242.0,0.54,21.123548046462513,82.51254480286738,803.584229390681,0.0,3055.323163407448,2.0
HAL,2016.0,11.92266380236305,14.786967418546364,1664.9999999999998,0.15,679.3333333333334,95.2159090909091,1135.2272727272727,0.0,2812.1499365296354,2.0
HAL,2018.0,10.729521032453155,18.683514228630056,1528.4615384615386,0.023076923076923078,120.6,111.56024096385542,1196.987951807229,0.0,2736.1790113012207,3.0
INDIGO,2016.0,12.304832713754648,80.39653035935564,1534.775888717156,0.061823802163833076,25.23495145631068,82.34693877551021,1013.265306122449,0.0,2560.3460275533594,3.0
INDIGO,2017.0,8.928955866523143,88.06243272335846,1692.8571428571427,0.5306122448979592,20.752851711026615,75.52845528455285,674.390243902439,0.0,2376.176342626105,3.0
INDIGO,2024.0,11.852722628584697,76.29890862649484,892.568306010929,0.018579234972677595,22.612639724849526,56.38625204582652,668.3306055646481,0.0,1572.7516342041617,3.0
BAJAJHLDNG,2023.0,947.5095785440614,72.79693486590038,11.194604137431535,0.0021049296093431716,721.8571428571429,0.009814243814394224,9.299090020305332,0.0,968.0032727017982,3.0
NAUKRI,2022.0,810.6985525487728,28.067967275015732,74.71291033522793,0.0037118663728105787,1296.0,0.0775765268759459,62.891178050090325,0.0,948.3026409340911,3.0
PNB,2013.0,11.655174014998492,,812.2977346278317,10.833333333333334,,5.626518615284128,65.57805355976485,0.0,889.530962202595,3.0
BAJAJHLDNG,2022.0,852.4793388429752,75.82644628099173,9.630736193455022,0.0026609401988702676,1421.0,0.009031872807344929,7.69948495931925,0.0,869.8095599957494,4.0
BAJAJHLDNG,2021.0,799.562363238512,77.02407002188184,9.831301961417386,0.0036591600075335648,950.75,0.010046163992086172,8.032534622994064,0.0,817.4261998229235,3.0
BAJAJHLDNG,2019.0,707.1925754060325,80.51044083526682,11.308993766696348,0.0,,0.0159582345971564,11.285545023696683,0.0,729.7871141964255,3.0
BAJAJHLDNG,2020.0,708.0459770114943,69.19540229885057,11.093901955840508,0.006051219248640277,258.38461538461536,0.013290965199058938,9.410614439793456,0.0,728.5504934071282,3.0
BAJAJHLDNG,2018.0,632.1428571428571,84.52380952380952,10.535296218404032,0.0,,0.016621156357592308,10.506945268906566,0.0,653.1850986301677,4.0
LT,2013.0,7.1090747856931715,15.309166151613685,395.1456310679612,0.17475728155339806,2.9980611805256356,31.969931271477662,227.2766323024055,0.0,629.5313381560599,4.0
BAJAJHLDNG,2013.0,550.7418397626113,95.54896142433235,17.941034316094733,0.0,,0.03127610208816705,17.22505800464037,0.0,585.9079320833464,5.0
BAJAJHLDNG,2016.0,481.9148936170213,91.27659574468086,14.810697704832275,0.0,,0.030377456049638055,14.639348500517062,0.0,511.3649398223706,4.0
BAJAJHLDNG,2014.0,469.97635933806146,94.56264775413712,16.56804733727811,0.0,,0.03398136246786632,15.97043701799486,0.0,502.51484369333446,3.0
LT,2014.0,5.743410068897406,16.561243445340608,303.41614906832297,0.06832298136645963,2.374961502925778,31.903225806451612,183.23330832708177,0.0,492.3928674643021,4.0
BAJAJHLDNG,2024.0,432.7262044653349,91.7743830787309,13.576787656460265,0.0011613545449517945,3764.5,0.026119918356071883,11.302773131167417,0.0,457.60576525296256,4.0
PNB,2014.0,8.172071711375061,,393.3618843683083,10.822269807280515,,3.895840554592721,31.83708838821491,0.0,433.3710444678983,5.0
BAJAJHLDNG,,431.9676860934795,89.67109059434507,,,3804.5,,,,431.9676860934795,
LT,2015.0,5.401995017894244,17.06099272264465,245.11352418558738,0.10760118460019744,2.3542526837324527,30.869375419744795,166.75621222296843,0.0,417.27173142645006,3.0
BAJAJHLDNG,2015.0,387.2137404580153,92.36641221374046,15.149705069812589,0.0,,0.037716835816598286,14.604477074785862,0.0,416.9679226026138,4.0
LT,2019.0,7.555834935660405,16.910220381600354,208.80850194154914,0.0,2.737659278295321,20.29111644657863,153.31632653061226,0.0,369.68066340782184,4.0
LT,2016.0,4.541049425446491,15.314174956982654,216.09411764705882,0.02588235294117647,2.4213654152775765,32.23525661459993,146.38189352884922,0.0,367.01706060135456,5.0
LT,2018.0,6.687666585897746,16.8035560605934,207.3575129533679,0.0,2.7969924812030076,22.42514521266629,149.97189432265316,0.0,364.0170738619188,5.0
LT,2017.0,5.933474824355972,15.20418618266979,206.29770992366412,0.0,2.6484111875823695,24.748019017432647,146.84174779261943,0.0,359.07293254063956,4.0
LT,2020.0,7.489756070731238,16.880482908450897,201.59141376757955,0.1687638786084382,2.501406405952273,16.500510493477027,123.58479863868406,0.0,332.66596847699486,4.0
LICI,2019.0,0.4596611071061123,1.0358560160137742,324.32098765432096,332.59382716049384,,0.16675415179930025,0.07665039803060705,0.0,324.8572991594577,5.0
BAJAJHLDNG,2017.0,293.70546318289786,74.58432304038006,13.879223257380177,0.0,,0.047068030633350105,13.824137738274917,0.0,321.40882417855295,5.0
LT,2021.0,9.502202545981364,17.252664014296325,176.90306681270536,0.1092552026286966,2.6868936170212767,12.701195591257239,120.68933308425183,0.0,307.0946024429386,4.0
LICI,2020.0,0.43149911709867,-1.1061344525772918,270.45908183632736,252.90818363273453,,0.1794493681700332,0.0774322439292835,0.0,270.96801319735533,5.0
PNB,2015.0,7.236707041675221,,223.2425585813806,10.437618746041798,,2.5589703178355663,18.51851851851852,0.0,248.99778414157436,5.0
HINDUNILVR,2013.0,14.216412383350615,84.37268552806991,133.99650959860384,0.008726003490401396,20.302760463045413,2.2332120410188554,31.74826331458816,0.0,179.96118529654262,6.0
NAUKRI,2021.0,125.70921985815602,6.560283687943262,26.278724981467754,0.012045959970348406,150.72727272727272,0.1792752701843611,22.536554354736175,0.0,174.52449919435995,5.0
NESTLEIND,2024.0,16.12281708616873,23.829630236943512,117.75449101796407,0.10329341317365269,41.186206896551724,2.318160220469448,37.37527321106148,0.0,171.2525813151943,5.0
NESTLEIND,2023.0,15.680225870542715,23.376555474223572,121.96014640097602,0.11020740138267589,38.54621848739496,2.130081300813008,33.400155919367414,0.0,171.04052819088616,4.0
INDIGO,2019.0,0.547426044846826,100.52988033828123,120.93023255813952,0.6821705426356589,21.620377358490565,76.39946380697052,41.8230563002681,0.0,163.30071490325443,6.0
HINDUNILVR,2014.0,13.532188547581583,83.72100978312923,111.84619734238055,0.013005371783997738,30.9229797979798,2.125490766322524,28.762541806020064,0.0,154.1409276959822,6.0
HINDUNILVR,2015.0,13.68697610409108,83.07268860252721,108.66650111745717,0.010677924012912838,21.312750601443465,2.2156618156618157,30.325710325710325,0.0,152.67918754725858,6.0
NESTLEIND,2021.0,14.368089003459739,24.163896614883658,108.83864337101747,0.1366906474820144,17.07920792079208,1.790259897983969,25.722613553558414,0.0,148.92934592803562,6.0
NESTLEIND,2019.0,15.910744603444094,23.655913978494624,102.60688216892598,0.09854014598540146,24.5968992248062,1.7243831033040569,27.436219155165205,0.0,145.9538459275353,7.0
NESTLEIND,2020.0,15.595505617977528,23.98501872659176,103.12035661218424,0.07280832095096583,20.414634146341463,1.6898734177215189,26.354430379746834,0.0,145.0702926099086,6.0
LT,2024.0,7.031246466738726,13.506668535997433,77.66510140873214,0.10345688880007993,3.5441547518923464,8.027628521638107,56.44423467905896,0.0,141.14058255452983,6.0
NESTLEIND,2022.0,14.150440906669823,21.932887494821564,97.23464823098821,0.11020740138267589,24.6,1.8818353936964027,26.628800534580687,0.0,138.01388967223872,5.0
LT,2023.0,6.834805089968965,14.817198553515034,75.52434908389586,0.09287608486017358,3.1823186871360507,7.8080575784676975,53.36655168008176,0.0,135.72570585394658,5.0
HINDUNILVR,2020.0,16.982128044642185,75.21303069150139,82.09989063069631,0.0,70.62971698113208,1.974048528755024,33.52354488165534,0.0,132.60556355699384,7.0
LT,2022.0,6.656614767347513,15.534017799528499,72.92133258678611,0.018057110862262037,2.8887926367081755,7.608448376433988,50.64650981917169,0.0,130.22445717330532,6.0
HINDUNILVR,2019.0,15.41592470109387,77.41032816077335,77.03063429515699,0.01258421253336723,94.57453416149069,2.1101508400880347,32.52992645874711,0.0,124.97648545499797,8.0
LTIM,2014.0,20.243902439024392,23.3130081300813,61.86335403726708,0.06832298136645963,44.0,1.8454613653413354,37.35933983495874,0.0,119.46659631125021,7.0
HINDUNILVR,2018.0,14.705303136868759,78.90279926853285,71.78958934212334,0.0,79.5099150141643,1.989978725786586,29.26324039861158,0.0,115.75813287760369,6.0
ADANIPOWER,2024.0,41.36759945184802,36.20186292228556,48.27674122146251,0.8023177656738903,8.297225501770956,0.5472399439185297,22.638002804073516,0.0,112.28234347738405,7.0
HINDUNILVR,2017.0,13.539593510644716,80.91791809902901,66.57769869513642,0.041073546856465006,44.31188118811881,2.111422386349166,28.587800840443144,0.0,108.70509304622428,6.0
VEDL,2013.0,82.93925063659513,16.915241906147692,13.047210300429185,0.2769098712446352,1.048421052631579,0.11932977384208013,9.897122021096497,0.0,105.88358295812081,7.0
BRITANNIA,2023.0,14.207717317955954,17.36703269738053,65.53480475382003,0.8480475382003395,20.284023668639055,1.743236017538231,24.767404555662495,0.0,104.50992662743847,6.0
HINDUNILVR,2016.0,12.896911700739452,81.63797924563475,63.15228966986155,0.026928343222272933,54.10288065843621,2.175758804840127,28.06056918812952,0.0,104.10977055873053,6.0
TCS,2024.0,19.136712150207767,26.690688396923118,50.944313673485176,0.0886406082507266,87.09511568123393,1.6559406621205455,31.689259788825343,0.0,101.7702856125183,8.0
COALINDIA,2019.0,17.536601530335588,74.88904062820076,66.01398601398601,0.08353808353808354,12.787795680493657,0.7486487096022433,13.128754106494464,0.0,96.67934165081607,9.0
TCS,2023.0,18.763139919630266,26.283831134845514,46.7829337344068,0.08502167566132886,80.49807445442876,1.5781854835887132,29.61171504770438,0.0,95.15778870174144,7.0
TORNTPHARM,2016.0,25.915956333183786,40.87034544638852,49.59931310818546,0.6731539782484258,15.027173913043478,0.7525320729237002,19.502588341210895,0.0,95.01785778258015,7.0
NAUKRI,2018.0,50.708502024291505,22.16599190283401,24.49877750611247,0.0004889975550122249,124.0,0.38058551617873654,19.298921417565484,0.0,94.50620094796946,7.0
SIEMENS,2016.0,26.889360524130296,9.421426594075852,42.83404380420402,0.003674849331177422,379.72727272727275,0.9041381611880527,24.311696979809778,0.0,94.03510130814409,8.0
NAUKRI,2019.0,51.433536055603824,0.7819287576020852,23.27959103421156,0.00039323633503735744,106.57142857142857,0.36092819065537785,18.563813107557227,0.0,93.27694019737261,10.0
TCS,2014.0,23.630651884267014,30.746005940666677,39.29667649151337,0.006037198902327472,686.9230769230769,1.224154184560595,28.927561388020173,0.0,91.85488976380056,8.0
TCS,2022.0,20.051211448001087,27.669305464292794,43.13375739014349,0.08770571803587655,72.79974489795919,1.3606908688371038,27.283500326417077,0.0,90.46846916456164,7.0
BRITANNIA,2024.0,12.725863199952292,18.886039716142882,54.14869322506978,0.5239786856127886,20.597560975609756,1.8484347442680775,23.522927689594354,0.0,90.39748411461642,9.0
BRITANNIA,2022.0,10.724391624221845,15.570175438596493,59.26505082095387,0.9698983580922595,16.82638888888889,1.8780390593862097,20.14082635844294,0.0,90.13026880361866,8.0
HAVELLS,2016.0,17.118777982617857,10.481959441664472,42.94681202510737,0.04426825239511067,19.175824175824175,1.7310234784590837,29.63300661043994,0.0,89.69859661816517,9.0
COALINDIA,2023.0,22.94578016954547,68.00624945751237,52.13911214108443,0.07118320924346268,14.33719512195122,0.6244557263907207,14.328623823375308,0.0,89.4135161340052,8.0
BRITANNIA,2021.0,14.091047503045068,19.10018270401949,52.17023675310034,0.5980834272829764,25.423423423423422,1.642,23.1375,0.0,89.3987842561454,7.0
JIOFIN,2024.0,86.52291105121293,84.04312668463612,1.153456416595399,0.0,198.8,0.012805202156520298,1.1079433671814058,0.0,88.78431083498974,10.0
BRITANNIA,2015.0,8.768134385339781,11.071519470603207,55.34136546184739,0.11646586345381527,274.5,2.8134622269960614,24.668814894378805,0.0,88.77831474156596,7.0
IRCTC,2023.0,28.410053657158997,36.0350183563965,40.597255851493145,0.03389830508474576,89.0,0.6958145018667715,19.768127333464335,0.0,88.77543684211648,9.0
TCS,2015.0,21.194320006761895,25.866368016228552,39.616865804285574,0.007070208353905401,271.1730769230769,1.2909244660247143,27.36026623748602,0.0,88.1714520485335,8.0
IRCTC,2022.0,35.125066524747204,46.514103246407664,35.294117647058826,0.05614973262032086,86.0,0.4837796086508754,16.992790937178167,0.0,87.4119751089842,9.0
COALINDIA,2024.0,26.25628846856468,66.29380849329698,45.16982956605826,0.0788468512027076,11.24178180085755,0.6018691588785047,15.802850255846407,0.0,87.22896829046935,11.0
DLF,2018.0,66.75115550916952,35.455494259728646,12.678768655659708,0.49534139503270935,4.1003049813622505,0.11070396962944623,7.3896178922175455,0.0,86.81954205704677,8.0
TCS,2020.0,20.673594607165384,26.829734499741953,38.56952666238737,0.09716377814231035,50.54220779220779,1.3065255937466183,27.010580469003635,0.0,86.25370173855639,8.0
TCS,2013.0,22.346758957913288,28.639921256092332,36.51740777253152,0.008613085663882115,400.375,1.2129130401294,27.104675344681507,0.0,85.9688420751263,8.0
EICHERMOT,2016.0,21.675036449052325,27.37728819050705,36.627429509991785,0.006296194908294552,1008.0,1.2498481473982588,27.090504150637777,0.0,85.39297010968188,10.0
TCS,2019.0,21.549469831971216,26.973365286795982,35.28609440332715,0.000693155646982537,221.2979797979798,1.2858798430215714,27.710028884733234,0.0,84.5455931200316,11.0
TCS,2016.0,22.401192864900686,28.2357380851573,34.2441467807294,0.0034472084646555608,1023.060606060606,1.23054444960415,27.565663544415624,0.0,84.21100319004572,11.0
LICI,2023.0,4.5877791768838225,4.359645590012082,77.85997015119071,0.0,545.5454545454545,0.17137262036771503,0.7862197392110195,0.0,83.23396906728556,10.0
TCS,2021.0,19.833472410873632,28.351108864213625,37.67311096456215,0.09018546157139055,76.0784929356358,1.2629777217059512,25.04923379900302,0.0,82.5558171744388,8.0
PNB,2024.0,8.395910695456838,,61.320565191187306,3.684256345007701,,1.5070262950629396,12.652858189053626,0.0,82.36933407569776,12.0
JIOFIN,,81.65650406504065,77.79471544715447,,,,,,,81.65650406504065,
LTIM,2013.0,14.593612048818489,22.591534666320438,41.97162061239731,0.17475728155339806,42.476190476190474,1.654209621993127,24.140893470790378,0.0,80.70612613200618,9.0
ITC,2014.0,25.49425026907608,37.04752733246474,33.04695818188493,0.00888497264750156,484.3448275862069,0.8643262828045437,22.035350567959263,0.0,80.57655901892028,9.0
COALINDIA,2020.0,17.38134887593672,77.53955037468776,51.93270516528283,0.20008085331343098,11.56455617628802,0.64044794027463,11.131849086788428,0.0,80.44590312800798,9.0
DIVISLAB,2022.0,33.035714285714285,43.359375,25.2387448840382,0.00034106412005457026,1998.5,0.6706586826347305,22.15568862275449,0.0,80.43014779250697,10.0
LTIM,2016.0,14.300376325692781,17.584673280875812,39.34117647058824,0.02588235294117647,202.5,1.8635639145680587,26.64966528530443,0.0,80.29121808158544,12.0
ITC,2024.0,29.282025230717128,37.0177518132814,27.851074395694365,0.004066731984914169,362.9625,0.7723477995509732,22.61590775334045,0.0,79.74900737975194,13.0
ITC,2013.0,24.36586754380416,35.48927825921943,33.26712151308403,0.0044045254339753,111.78703703703704,0.8949588157038127,21.80644796059894,0.0,79.43943701748712,10.0
BAJAJ-AUTO,2013.0,15.645443196004994,18.257178526841447,38.84686918784873,0.014383137011779294,4446.0,1.5840056953013764,24.782471127986078,0.0,79.2747835118398,11.0
ADANIPORTS,2013.0,45.820519988817445,66.59211629857423,25.633406318423525,1.817328745699093,5.029520295202952,0.17004991680532447,7.791775612075114,0.0,79.24570191931608,12.0
LTIM,2015.0,15.447971072719968,20.188830855765367,37.95656465942744,0.10760118460019744,110.4,1.671591672263264,25.822699798522496,0.0,79.2272355306699,9.0
DIVISLAB,2016.0,29.81991525423729,37.6853813559322,26.22874446773818,0.009783368273934312,303.2,0.7709269089424254,22.988975091874234,0.0,79.0376348138497,13.0
EICHERMOT,2017.0,23.702545144319636,30.911417602729983,31.18802619270346,0.02095416276894294,647.5,1.003424168925667,23.783706662862034,0.0,78.67427799988513,7.0
TCS,2017.0,22.342878456504415,27.390095451231712,30.571600900085834,0.003352123785000116,1141.625,1.152765969921726,25.75610995475555,0.0,78.6705893113458,8.0
IRCTC,2024.0,26.01873536299766,34.33255269320843,34.39628482972136,0.018575851393188854,82.73684210526316,0.7010343129207027,18.240026268264653,0.0,78.65504646098367,14.0
ITC,2023.0,27.463726222873987,36.24416587938352,28.16426867182416,0.004424842744559323,356.43589743589746,0.8262632382239518,22.692267362607915,0.0,78.32026225730607,11.0
NESTLEIND,2018.0,14.231314204746722,23.18455543747786,43.75170160631636,0.00952899537163082,25.6875,1.3961424332344214,19.868941641938676,0.0,77.85195745300176,9.0
IRCTC,2020.0,22.659010600706715,31.051236749116605,39.04109589041096,0.0,78.0,0.6985498302992903,15.828448009873497,0.0,77.52855450099116,10.0
ADANIPORTS,2017.0,46.23770588932338,64.20191965872733,22.264064817984707,1.2674883030925481,5.784050179211469,0.19458599460444095,8.997209988701607,0.0,77.4989806960097,9.0
DIVISLAB,2014.0,30.529225908372826,40.20537124802528,26.07962213225371,0.006072874493927126,362.0,0.6824797843665769,20.835579514824797,0.0,77.44442755545133,10.0
ITC,2015.0,25.192570265605273,36.715871911791226,30.813587093521555,0.008476178472397277,170.12087912087912,0.844729282729805,21.28090181058496,0.0,77.28705916971178,10.0
NESTLEIND,2013.0,12.27337655202725,21.404241292165697,47.170608108108105,0.5021114864864865,55.270270270270274,1.441400063351283,17.690845739626226,0.0,77.13483039976158,13.0
COALINDIA,2013.0,25.41030408620412,73.51946473800565,35.80623865324311,0.026922759531275788,5.740630712979891,0.6154365983979528,15.638431111071066,0.0,76.85497385051829,14.0
ABB,2024.0,20.533424517011454,24.84185330825782,32.46823465801568,0.022438496891051634,141.75,1.1263238975544,23.127286732139417,0.0,76.12894590716655,15.0
ADANIPOWER,2023.0,27.666159440848016,26.038738297268715,35.90507430713616,1.4175257731958764,4.2927414517096585,0.4517891891262045,12.499271740017011,0.0,76.07050548800119,12.0
TCS,2018.0,21.02287496750715,26.41343904341045,30.401278075368854,0.002901513015694014,695.3461538461538,1.1710138310218214,24.618077354793297,0.0,76.0422303976693,10.0
ITC,2020.0,31.57244674819794,39.16740908722767,23.88889740015014,0.004243714859130115,268.65432098765433,0.6388224185432863,20.169186791012923,0.0,75.630530939361,11.0
HCLTECH,2014.0,20.3086112493778,24.99688899950224,33.39130434782609,0.05207161125319693,76.42105263157895,1.0721814543028685,21.774516344229486,0.0,75.47443194143338,11.0
ZYDUSLIFE,2022.0,30.562541363335537,22.11780277961615,27.166303900229426,0.24830872404259074,46.63779527559055,0.5466319369076044,16.70646118225888,0.0,74.43530644582384,11.0
ZYDUSLIFE,2016.0,20.83377532619073,24.73745624270712,34.462186348482184,0.4284962274083173,46.113207547169814,0.9108212560386474,18.97584541062802,0.0,74.27180708530094,14.0
NESTLEIND,2014.0,12.02435312024353,20.690005073566716,41.76947479732112,0.007049700387733521,151.85714285714286,1.693298969072165,20.36082474226804,0.0,74.15465265983269,12.0
BRITANNIA,2014.0,5.713872414291914,9.069868363951974,49.49874686716792,0.18796992481203006,82.625,3.280968201233982,18.74703369719981,0.0,73.95965297865963,13.0
BRITANNIA,2016.0,9.824937477670597,14.576634512325832,39.4359464627151,0.06261950286806883,267.8,2.403262736119061,23.611906124785346,0.0,72.87279006517105,15.0
BAJAJ-AUTO,2014.0,16.785022595222724,20.673387297015445,33.24481164551982,0.0058030884233303826,4837.0,1.3154559707342566,22.07995819179514,0.0,72.10979243253769,14.0
COALINDIA,2016.0,18.323679377351947,75.96486045645446,40.95828668216921,0.034421382022794475,9.963125105236571,0.6856375484325467,12.563402606551602,0.0,71.84536866607276,16.0
GODREJCP,2019.0,22.70700019391119,20.67093271281753,32.22787945507087,0.4653914958029448,10.478991596638656,0.7318007662835249,16.617000141904356,0.0,71.55187979088642,12.0
COALINDIA,2014.0,21.402673917969636,74.83854520734195,35.63814734459013,0.0041977171964908975,7.374389733575115,0.6728544473879815,14.400884331700622,0.0,71.44170559426038,15.0
SUNPHARMA,2013.0,31.165214266463032,42.979067469230074,23.142094729819878,0.01734489659773182,109.16279069767442,0.5462531285272612,17.024095794277862,0.0,71.33140479056078,15.0
DIVISLAB,2013.0,28.065268065268068,38.04195804195804,24.070371851259495,0.013194722111155539,287.0,0.6833386428798981,19.17808219178082,0.0,71.31372210830838,16.0
HCLTECH,2015.0,20.004904498515028,23.121985776954308,30.30878467635403,0.026750330250990752,105.62637362637362,1.0413108242303872,20.831323591998867,0.0,71.14501276686792,11.0
DIVISLAB,2015.0,27.351524879614768,37.65650080256822,24.37070938215103,0.007723112128146453,403.6666666666667,0.7071509648127128,19.3416572077185,0.0,71.0638914694843,12.0
BAJAJ-AUTO,2016.0,17.989722689820148,21.23239124656685,28.96576319543509,0.008416547788873038,5987.0,1.3093967517401393,23.55568445475638,0.0,70.51117034001163,17.0
ATGL,2020.0,23.253333333333334,31.733333333333334,29.63970088375255,0.2909585316111489,15.585365853658537,0.7572697899838449,17.60904684975767,0.0,70.50208106684356,12.0
ITC,2022.0,25.563525434908072,34.00610108005606,24.822672324073334,0.003986870546793691,375.55,0.7855976993626613,20.082646769262656,0.0,70.46884452824406,12.0
EICHERMOT,2018.0,21.862799776910204,31.3329615170106,27.880512091038405,0.021479374110953058,669.0,0.9415038857382902,20.583910943079182,0.0,70.3272228110278,11.0
HEROMOTOCO,2016.0,10.935797870471237,84.45373721755631,35.22752999773602,0.026262168892913742,57.12351543942993,2.2066532258064515,24.13151364764268,0.0,70.29484151584994,18.0
HEROMOTOCO,2017.0,12.394267738552953,83.9741349178609,34.373788290034895,0.025300504071345483,28.965060240963854,1.8684691745036572,23.15830721003135,0.0,69.9263632386192,10.0
LTIM,2019.0,16.049121321194157,19.934363751852636,30.983036991620683,0.0,198.63636363636363,1.4174669867947178,22.749099639855945,0.0,69.78125795267079,13.0
POWERGRID,2022.0,40.420931238287444,86.07467204843591,22.065130431361236,1.7665744226002336,5.042060726729717,0.16585774058577407,6.70412432755529,0.0,69.19018599720397,13.0
JIOFIN,2023.0,68.88888888888889,86.66666666666667,0.027164388363126533,0.006510690501226779,,0.00039154267815191856,0.0269729400504655,0.0,68.94302621730247,13.0
TRENT,2024.0,11.935353535353535,15.927272727272726,36.30776794493609,0.4309242871189774,8.043478260869565,1.7278693102485339,20.622731080703712,0.0,68.86585256099335,16.0
TECHM,2014.0,16.28550154238911,22.189128816083397,33.34785449793073,0.03953387061642344,55.2,1.1795483061480552,19.209535759096614,0.0,68.84289179941646,16.0
ADANIPORTS,2016.0,40.17442678295119,64.38317625545083,21.147723065531284,1.6543502406516104,4.72153024911032,0.18520255308063047,7.44040640875342,0.0,68.7625562572359,19.0
INFY,2013.0,23.366871530531323,28.59337827121332,24.81707638048113,0.0,2780.6,0.8720043219881145,20.376012965964343,0.0,68.5599608769768,17.0
TATASTEEL,2022.0,17.113121467131773,26.02486483384503,36.48016916718366,0.6602500808262629,11.861955327718784,0.8638101847589778,14.782488616325923,0.0,68.37577925064136,14.0
ABB,2023.0,17.74163395027108,22.546270330902974,29.767879548306148,0.03544542032622334,85.0,1.1740561896400352,20.82967515364355,0.0,68.33918865222077,14.0
DIVISLAB,2021.0,28.46893384990673,41.13933132443679,21.34480903711673,0.0005379236148466917,1462.0,0.6470151332281125,18.419831027759727,0.0,68.2335739147832,9.0
LTIM,2017.0,14.936163667128133,18.920166128287956,30.884223918575067,0.0,472.3333333333333,1.4718134480416571,21.983246547430383,0.0,67.80363413313358,11.0
INFY,2023.0,16.426035825492104,23.93589839677857,31.970506716883047,0.11005609558794277,133.20774647887325,1.1779431121384314,19.34893576037754,0.0,67.74547830275269,15.0
INFY,2018.0,22.729077451008195,26.68954368849437,24.689247262141308,0.0,,0.888757262221326,20.200632648174523,0.0,67.61895736132402,12.0
ITC,2021.0,27.16974237164261,34.64482205574842,22.17674449434106,0.004490695477819941,338.6551724137931,0.6677919225607029,18.143734493838206,0.0,67.49022135982187,10.0
PIDILITIND,2016.0,15.05316172355904,21.88024622271964,30.591357088703564,0.030326004548900682,96.46153846153847,1.4434571890145396,21.72859450726979,0.0,67.3731133195324,20.0
HEROMOTOCO,2015.0,8.584501416224853,87.21766286585809,36.14678899082569,0.01529051987767584,73.94153846153846,2.5847568988173455,22.18884925849446,0.0,66.92013966554501,13.0
ADANIPORTS,2015.0,37.77633289986996,63.42652795838751,21.58848118903855,1.651277287505806,3.90468085106383,0.19175861853999127,7.243937410385887,0.0,66.6087514992944,14.0
INFY,2022.0,18.20603250548746,25.88847510296693,29.39084273390843,0.07264764432647644,168.93,1.0420803742000702,18.97214916601701,0.0,66.5690244054129,15.0
EICHERMOT,2019.0,22.486475451668877,29.641727059303868,24.702848172235928,0.020968827091276072,515.0,0.8603670852726794,19.34662334240801,0.0,66.53594696631282,14.0
HEROMOTOCO,2014.0,8.316518298714143,85.94263105835806,37.38218033078428,0.050506846878890274,50.54883720930233,2.497036158861885,20.766646907725747,0.0,66.46534553722417,17.0
VEDL,2022.0,17.863062411475756,33.77030407136184,36.26324885673646,0.8195249529694263,9.726078799249532,0.6843725347646522,12.224989301200843,0.0,66.35130056941306,16.0
INFY,2015.0,23.20373600405109,27.913126652787934,24.385052034058656,0.0,1526.0833333333333,0.804341595136448,18.663730030623483,0.0,66.25251806873324,15.0
ITC,2018.0,26.45170199544293,38.02389007802251,21.88725956960579,0.0006855836983431727,163.1391304347826,0.6763437679986302,17.890443797574758,0.0,66.22940536262348,13.0
INFY,2024.0,17.08075746730006,23.703390381987376,29.788006718416632,0.09486358890553362,87.52340425531915,1.129760329363329,19.297162182032054,0.0,66.16592636774874,17.0
ITC,2019.0,26.553578816714936,38.347124534546964,21.70406317106576,0.00021981366564650582,290.38028169014086,0.6738315281785361,17.89263859267623,0.0,66.15028058045692,15.0
ITC,2017.0,24.497287691732136,36.171904227459784,22.57341693060134,0.0009911016310085537,351.61224489795916,0.7651078750581416,18.743067730509143,0.0,65.81377235284262,12.0
COALINDIA,2022.0,15.839219796746114,77.46889668687052,40.27999907285075,0.08145006142363767,21.99120538023797,0.6114436344992086,9.684790120154261,0.0,65.80400898975113,17.0
ATGL,2021.0,27.299528301886795,41.509433962264154,23.94002068252327,0.27352637021716647,18.35,0.529338327091136,14.450686641697876,0.0,65.69023562610795,11.0
DABUR,2013.0,12.47557003257329,16.156351791530945,36.563245823389025,0.5494033412887828,18.508474576271187,1.3038861754087916,16.266723295816522,0.0,65.30553915177883,18.0
ITC,2016.0,24.242192284139623,37.07644417228006,22.261012183692596,0.0019681349578256793,205.30769230769232,0.7587849218795377,18.394609978509614,0.0,64.89781444634183,21.0
COALINDIA,2015.0,18.519967620075555,76.60145709660011,34.01729735087849,0.010110772433276337,8.645357686453577,0.6661453980065968,12.336991201344514,0.0,64.87425617229857,16.0
LTIM,2018.0,15.22036682179031,16.24692033944703,28.808290155440414,0.0,100.8125,1.3689338579726438,20.835675473112236,0.0,64.86433245034296,14.0
DABUR,2014.0,12.978180787758573,16.463587418532164,34.48795180722892,0.26656626506024095,23.85185185185185,1.3286897590361446,17.24397590361446,0.0,64.71010849860195,18.0
NESTLEIND,2017.0,12.237762237762238,20.94905094905095,35.8187134502924,0.01023391812865497,24.717391304347824,1.3595002037213093,16.637240255330706,0.0,64.69371594338534,13.0
BRITANNIA,2013.0,4.203718674211803,6.806790622473727,46.59498207885305,0.6810035842293907,11.536585365853659,3.2846521508231548,13.807753584705257,0.0,64.6064543377701,19.0
HCLTECH,2013.0,15.792971345920801,22.203979516047063,30.689759951382555,0.07930720145852324,56.716981132075475,1.1420599133889906,18.036519487477122,0.0,64.51925078478048,20.0
DABUR,2016.0,16.118251928020566,19.511568123393317,30.064732678014867,0.19299928074802206,36.145833333333336,1.122331217541835,18.09001731102135,0.0,64.27300191705679,22.0
BRITANNIA,2017.0,9.774685222001326,14.115308151093439,32.826409495548965,0.046364985163204746,285.8,2.2034558286687758,21.538087125821367,0.0,64.13918184337166,14.0
TORNTPHARM,2014.0,15.915627996164908,22.890699904122723,34.8922753547031,0.5948502364687336,16.76271186440678,0.8307447232178415,13.221823974512144,0.0,64.02972732538015,19.0
HEROMOTOCO,2018.0,11.467126748413333,83.56645511122065,31.089208152355496,0.019044437019712663,48.12056737588652,1.8657239753980572,21.39449330344312,0.0,63.95082820421195,15.0
ASIANPAINT,2024.0,15.658543456824905,21.3692069305536,29.677488252883382,0.1321016659547202,41.00487804878049,1.187084044011906,18.588007090063876,0.0,63.92403879977216,18.0
INFY,2014.0,21.255460475136136,26.70895418187621,23.92993487536492,0.0,1783.7777777777778,0.8800512586455078,18.705894744233404,0.0,63.89129009473446,20.0
EICHERMOT,2024.0,24.195694242864054,26.179245283018872,22.172346910501524,0.023219728456636186,114.70588235294117,0.7153796236210254,17.309106640709494,0.0,63.67714779407507,19.0
DIVISLAB,2019.0,27.355438738374442,37.88920339668419,19.448037947391118,0.015236452493891045,405.6,0.6154803384768541,16.83673469387755,0.0,63.640211379643105,16.0
ADANIPORTS,2021.0,40.23107569721115,69.22709163346613,16.586183108307875,1.1778522387569397,4.725055432372505,0.16827116462417205,6.769729961652946,0.0,63.586988767171974,12.0
ABB,2022.0,16.26297577854671,22.023203745165887,28.333333333333332,0.05390070921985816,61.31578947368421,1.1631155303030303,18.915719696969695,0.0,63.51202880884974,18.0
BAJAJ-AUTO,2024.0,17.178515712057056,19.534209939826162,26.61418410330778,0.06601754022512257,174.41666666666666,1.1404534363562424,19.59129727531517,0.0,63.383997090680005,20.0
DIVISLAB,2017.0,26.08267716535433,35.67913385826771,19.787194325182007,0.006720179204778794,507.3333333333333,0.6602761982128351,17.221770917952885,0.0,63.09164240848922,15.0
DABUR,2015.0,13.701090442591404,16.93393200769724,31.84257602862254,0.21884317233154443,36.85,1.2766131673763512,17.490992466426466,0.0,63.034658937640415,17.0
HCLTECH,2017.0,18.091994618230743,21.84241506895392,26.119153843819237,0.01766366202312665,128.75280898876406,1.039465058345352,18.805996241423014,0.0,63.017144703472994,16.0
ADANIPORTS,2014.0,36.04554865424431,60.43478260869565,19.86309184255562,1.4807758128921849,3.6888433981576254,0.19572881630668235,7.055152571220165,0.0,62.963793068020095,21.0
BAJAJFINSV,2014.0,36.37722065415906,74.5641706790636,23.528780068728523,2.0948238831615122,2.87708066581306,0.08097280292539961,2.9455655190029977,0.0,62.85156624189058,22.0
INFY,2021.0,19.331754120550997,27.757982323433396,25.43909051616875,0.06974368377624393,154.30769230769232,0.9345276297309113,18.066058356819305,0.0,62.836902993539056,13.0
ASIANPAINT,2013.0,11.043412033511043,16.536557501904035,34.2789598108747,0.0741725768321513,44.07142857142857,1.5483490566037736,17.099056603773587,0.0,62.42142844815933,21.0
LTIM,2022.0,15.128882760733847,20.10417863571948,27.645576707726764,0.018057110862262037,48.90243902439025,1.2691522457709508,19.200855531790783,0.0,61.97531500025139,19.0
INFY,2020.0,18.32670639160269,24.525558700752278,25.422459893048128,0.0707868601986249,147.47058823529412,0.98900871459695,18.125272331154683,0.0,61.8744386158055,13.0
IRCTC,2016.0,13.825896122896856,13.89904901243599,34.87084870848708,0.0,,0.9512874043145442,13.152400835073069,0.0,61.849145666457005,23.0
PIDILITIND,2018.0,15.893385982230997,22.063178677196447,27.028539451594852,0.03497481813094572,93.375,1.169070975187536,18.580496249278706,0.0,61.50242168310456,16.0
BRITANNIA,2020.0,12.017241379310345,15.887931034482758,31.66023166023166,0.3493072904837611,27.350649350649352,1.4814814814814814,17.803320561941252,0.0,61.480793601483256,14.0
HAVELLS,2013.0,8.142957252978276,9.446391030133146,40.29126213592233,0.680998613037448,7.284552845528455,1.6004934948407357,13.032750112157917,0.0,61.46696950105853,22.0
INFY,2016.0,21.602793036626576,27.352220496148366,21.84665716506867,0.0,,0.8314602253056007,17.961863165463793,0.0,61.41131336715904,24.0
BAJAJ-AUTO,2020.0,17.42036832781844,17.076105484808984,24.06056689133044,0.005816637429600221,2313.6666666666665,1.1285929837797057,19.660505469634103,0.0,61.14144068878298,15.0
SHREECEM,2013.0,18.530823181985973,28.811369509043928,26.11862643080125,0.3350676378772112,9.05699481865285,0.8795454545454545,16.2987012987013,0.0,60.94815091148852,23.0
ADANIPORTS,2019.0,37.02517162471396,60.37528604118994,16.596914492040046,1.1370425077958313,5.693140794223827,0.19401182717408677,7.183321198344907,0.0,60.80540731509892,17.0
INFY,2019.0,18.639250075597218,24.396734200181434,23.726673646609594,0.0,,0.9834534770299527,18.33083529607689,0.0,60.6967590182837,18.0
ABB,2021.0,16.03248259860789,21.392111368909514,26.5564950038432,0.058800922367409685,55.72222222222222,1.1223958333333333,17.994791666666668,0.0,60.58376926911775,14.0
DIVISLAB,2020.0,25.528364849833146,33.852428624397476,18.83720930232558,0.00533515731874145,287.42857142857144,0.6322822646817489,16.14113234087446,0.0,60.506706493033185,16.0
BAJAJ-AUTO,2017.0,18.7497127097219,20.358538267065043,22.843862007168457,0.006720430107526882,5897.0,1.0054071540807838,18.8510952953138,0.0,60.444670012204156,17.0
LTIM,2021.0,15.666936135812449,22.029102667744542,26.533406352683457,0.1092552026286966,37.962025316455694,1.1554268634410612,18.1019988791332,0.0,60.302341367629104,15.0
BAJAJ-AUTO,2015.0,14.012502894188469,19.115536003704563,27.273546642631818,0.010094637223974764,726.0,1.3525616935988976,18.95277464612301,0.0,60.238824182943304,18.0
LODHA,2019.0,13.80700428319476,26.698580666834637,42.80135381411091,6.675605311116897,5.723591549295775,0.23878950746029198,3.2969677522862186,0.0,59.90532584959189,19.0
DABUR,2019.0,16.981796829125074,20.434527304756312,25.67471590909091,0.12411221590909091,32.7,1.0092449922958397,17.13879340997985,0.0,59.795306148195834,20.0
DABUR,2017.0,16.811137378513266,19.858156028368796,26.408087476789767,0.20115535382710956,33.48148148148148,0.9847387480600104,16.554578375581997,0.0,59.77380323088503,18.0
WIPRO,2014.0,18.40226602800295,22.18819086219602,24.871611316878834,0.16057144635687384,30.174934725848566,0.876668079865948,16.13267922395171,0.0,59.40655656883349,23.0
HCLTECH,2018.0,17.24772093575115,22.238921078130872,23.97075798383994,0.015308085527400648,180.81159420289856,1.0537623205317885,18.174998437141845,0.0,59.39347735673293,17.0
LTIM,2020.0,13.971872414744002,18.650611269418146,28.127313101406365,0.1687638786084382,28.40963855421687,1.2341463414634146,17.243335224049915,0.0,59.342520740200285,17.0
NHPC,2013.0,45.02429086350102,65.06817113305125,9.64255747608659,0.6826648766571572,9.405891980360066,0.10232356761437437,4.607046070460704,0.0,59.273894410048314,24.0
BAJAJFINSV,2013.0,27.48603351955307,48.80198634388579,28.377339143809277,1.6650858754165598,3.2666112956810633,0.12322166131252868,3.386874713171179,0.0,59.25024737653352,25.0
SUNPHARMA,2017.0,24.846412059028438,31.99062638545823,21.413755458515286,0.2683406113537118,26.78,0.5168671740731647,12.842294786807432,0.0,59.10246230435116,19.0
INFY,2017.0,20.958180012849716,27.165469306699375,20.80687715635963,0.0,,0.8236397748592871,17.26199066724395,0.0,59.0270478364533,20.0
BRITANNIA,2018.0,10.127092999798265,15.14020576961872,29.47739283617146,0.05901350557839107,208.375,1.9109483423284503,19.35235158057055,0.0,58.956837416540274,18.0
LTIM,2023.0,13.289937618660158,18.40701564053883,26.57907425265188,0.09287608486017358,44.43333333333333,1.4131851284016865,18.78114220007666,0.0,58.6501540713887,16.0
HCLTECH,2019.0,16.747480430933194,23.04598937561024,24.46453609244307,0.10141178745829908,85.45402298850574,1.035613292430033,17.343913348986273,0.0,58.55592987236254,21.0
POWERGRID,2023.0,33.81356489704624,86.78376422603776,18.57249536289837,1.5487196781731023,4.22140336308906,0.1808028545941124,6.113589057389236,0.0,58.49964931733385,17.0
SUNPHARMA,2014.0,24.12313432835821,43.55099502487562,20.939271255060728,0.13824561403508773,114.43181818181819,0.5526722804605603,13.332187661110156,0.0,58.39459324452909,24.0
PIDILITIND,2017.0,15.364073348762686,22.467509346626315,24.863151829443964,0.028233938346297897,98.35714285714286,1.1775681341719078,18.09224318658281,0.0,58.31946836478946,21.0
ASIANPAINT,2020.0,13.725199148978279,20.568007520657066,27.38400789733465,0.11036525172754195,44.23529411764706,1.2523856735654977,17.189242781013757,0.0,58.298449827326685,18.0
NHPC,2017.0,40.357184274614404,56.63922068885539,11.993796312252284,0.6626572462519387,6.292144748455428,0.14327014139265953,5.781979497233622,0.0,58.13296008410031,22.0
ADANIPORTS,2018.0,32.588536606906295,63.20763048662016,17.652968473424867,1.0701813136870306,5.067131095630145,0.23972646243092752,7.812334596574429,0.0,58.05383967690559,19.0
POWERGRID,2024.0,33.97028990249329,86.87476823070044,17.870011245496066,1.4173456039290386,4.60298643565485,0.18276594811604718,6.208612241806171,0.0,58.04891338979553,21.0
PIDILITIND,2020.0,15.382506169454347,21.606800109679188,25.179533213644522,0.06463195691202872,49.205882352941174,1.11819714855128,17.200674536256326,0.0,57.76271391935519,19.0
TECHM,2013.0,19.01644114651535,20.689655172413794,24.087725764835973,0.25433099889421307,12.436893203883495,0.765026714158504,14.548085485307213,0.0,57.65225239665854,26.0
PFC,2024.0,28.916597455960137,36.68859553263103,26.1609340860332,8.521864217426122,0.5804147544943239,0.0880835748601615,2.54707727671322,0.0,57.62460881870656,22.0
COALINDIA,2017.0,11.872473261347935,84.0745100046057,37.84974304592544,0.12293009217717596,12.364936042136945,0.6591278976616324,7.8254783407962085,0.0,57.54769464806959,23.0
ASIANPAINT,2016.0,12.634013033424427,19.09466750753276,27.632183908045977,0.04950191570881226,59.95918367346939,1.351548442087319,17.075480632635667,0.0,57.34167757410607,25.0
IRCTC,2019.0,16.524064171122994,20.481283422459892,28.851540616246496,0.0,254.5,0.7208943716268311,11.912104857363145,0.0,57.28770964473264,22.0
ASIANPAINT,2014.0,10.335515548281506,16.399345335515548,31.27011636543699,0.06164892300074276,44.333333333333336,1.513312693498452,15.640866873065015,0.0,57.24649878678351,25.0
DLF,,57.19182973860877,26.9247250392801,,,6.598445595854923,,,,57.19182973860877,
DABUR,2018.0,17.586117586117584,20.94017094017094,23.79950928846828,0.16438836312653346,36.0,0.8873822109859802,15.605607906228453,0.0,56.99123478081431,20.0
WIPRO,2015.0,18.559775084662732,21.935635023748162,23.492936482260326,0.2127412919227866,36.425714285714285,0.8046443873179092,14.934018851756642,0.0,56.9867304186797,19.0
NHPC,2022.0,41.272965879265094,43.88670166229222,10.807250651470463,0.7472867329114287,8.522184300341298,0.11831073387848048,4.883034882517338,0.0,56.96325141325289,20.0
BAJAJ-AUTO,2022.0,18.60310755770101,15.866646553024587,20.650390167118793,0.004119360996684417,881.1111111111111,0.9440061519182023,17.561447979265758,0.0,56.81494570408556,21.0
COALINDIA,2021.0,14.109257325661476,79.3081998533757,34.78284681526918,0.16112602004490936,19.085783003741316,0.5589906302972351,7.886942645497388,0.0,56.77904678642804,16.0
IRCTC,2017.0,15.06578947368421,20.657894736842106,29.09783989834816,0.0,127.0,0.8324205914567361,12.54107338444688,0.0,56.70470275647925,24.0
NHPC,2023.0,40.17158480248892,58.30112190063166,11.5283677389681,0.7992208003030221,14.583157894736843,0.12303534351764855,4.942524735822575,0.0,56.642477277279596,18.0
ASIANPAINT,2015.0,10.481087036356959,16.47447668013221,30.09278785322649,0.08814846056516237,56.785714285714285,1.5273726722010321,16.008525914292125,0.0,56.58240080387558,20.0
NHPC,2024.0,41.81893687707641,49.90656146179402,10.407730866621879,0.8413260296625498,11.243421052631579,0.10324018993108032,4.317394985905228,0.0,56.54406272960352,23.0
HEROMOTOCO,2020.0,12.50769125589663,86.0873726669857,25.39913924753575,0.031445231153685964,17.571827057182706,1.4869370743112738,18.598149842431635,0.0,56.50498034586401,20.0
TITAN,2013.0,7.161908525140769,10.01679344067964,36.80203045685279,0.0,21.823529411764707,1.720428280081577,12.321549966009519,0.0,56.28548894800308,27.0
NESTLEIND,2016.0,10.95066185318893,20.238485942457064,30.499695307739184,0.010054844606946984,21.86813186813187,1.3422907488986784,14.698972099853158,0.0,56.14932926078127,26.0
ASIANPAINT,2017.0,13.384676669764971,19.87783826849024,26.512361914781696,0.07364544976328248,90.05405405405405,1.2141878274889157,16.251511487303507,0.0,56.148550071850174,25.0
BRITANNIA,2019.0,10.44776119402985,15.66711895070104,27.157300728897248,0.03667999059487421,215.33333333333334,1.7722026290477717,18.515549855722988,0.0,56.12061177865009,23.0
JSWSTEEL,2022.0,14.304746158733629,26.722506507436584,31.112828209281247,1.0734059467732588,8.19524959742351,0.7449474514593989,10.656284194722243,0.0,56.07385856273712,22.0
TORNTPHARM,2015.0,16.199309749784298,22.001725625539258,30.148534725010034,1.099959855479727,7.462857142857143,0.5928388746803069,9.603580562659847,0.0,55.95142503745418,21.0
TORNTPHARM,2013.0,13.581017795816422,21.76084920387137,30.590717299578056,0.4873417721518987,20.529411764705884,0.8534505728750333,11.590727418065548,0.0,55.76246251346002,28.0
ABB,2020.0,14.488150500855118,18.49499144881505,24.39325380501851,0.07198683669271905,96.77777777777777,1.153932901043135,16.718353538201296,0.0,55.59975784407492,21.0
ASIANPAINT,2021.0,14.769953484087875,22.36448210749321,25.042948617835393,0.0853506168983289,56.391304347826086,1.0667157946450503,15.755342667649227,0.0,55.5682447695725,17.0
DABUR,2021.0,17.72641706755909,20.937042459736457,22.116388308977037,0.06641440501043841,75.06451612903226,0.8826733130250162,15.646635281085572,0.0,55.4894406576217,18.0
HEROMOTOCO,2019.0,10.202820052397634,85.2079715051073,26.417682926829265,0.02378048780487805,39.08367071524966,1.8358733246865542,18.731085170773888,0.0,55.35158815000079,24.0
TITAN,2024.0,6.843630099444054,10.359408033826638,37.2192057915469,1.653145959757266,9.411954765751211,1.619298190002219,11.081877833074461,0.0,55.14471372406541,24.0
LICI,2024.0,4.836600998148862,3.87474201090824,49.44710986501021,0.0,371.9375,0.15913440945875762,0.7696696436280568,0.0,55.05338050678713,25.0
ZYDUSLIFE,2015.0,13.732516472084152,20.298231418333142,27.946365561044463,0.6236179722418255,26.485294117647058,0.9562285840610147,13.13142478169559,0.0,54.8103068148242,22.0
EICHERMOT,2023.0,20.177260767206757,23.8609610857222,19.43962641761174,0.019212808539026016,155.5,0.7522658610271903,15.178664444212938,0.0,54.795551629031436,19.0
PFC,2023.0,27.263014262911284,34.11384583698059,25.165759642577058,8.925568573397657,0.564646829870047,0.08669005660006784,2.363432249540236,0.0,54.79220615502858,20.0
BPCL,2024.0,5.994201967046283,9.837909494446341,35.511337343822305,0.7218747934157467,11.355507351168956,2.213651947949293,13.26907686075349,0.0,54.77461617162207,26.0
ASIANPAINT,2023.0,12.163298442981821,18.150714720635566,26.231865932966482,0.12087293646823412,46.46527777777778,1.3378719112455875,16.272935334962565,0.0,54.668099710910866,21.0
BAJAJ-AUTO,2019.0,16.2329534224916,17.12234007510376,21.211208195239532,0.005380278052769767,1806.5,1.0528542692654506,17.09093431365749,0.0,54.535095931388625,25.0
BAJAJ-AUTO,2023.0,16.62323412426279,17.734192840488273,20.638921054424088,0.004223145562291397,204.2,1.037539845173042,17.247267759562842,0.0,54.50942293824973,22.0
GODREJCP,2018.0,16.593886462882097,21.163806235401644,26.110578459571748,0.5605624800255673,13.68208092485549,0.7102567801500288,11.785920369301788,0.0,54.49038529175563,21.0
ADANIENSOL,2018.0,28.98073022312373,71.65314401622717,18.87072808320951,1.7216443784051512,3.31489841986456,0.22843903851723138,6.620330147697655,0.0,54.47178845403089,22.0
VEDL,2023.0,9.845358025361826,23.3734759822956,36.78816934276945,2.037617634375872,5.95277108433735,0.7775355625346388,7.655115990604629,0.0,54.288643358735904,23.0
BAJAJ-AUTO,2018.0,16.735422451408173,19.22253074176914,20.656058751529986,0.005924112607099143,6250.0,1.0027445209021122,16.781353168131737,0.0,54.1728343710699,23.0
ZYDUSLIFE,2024.0,20.32536962193687,27.543868624341332,20.035300050428642,0.0405446293494705,70.08641975308642,0.6779149615037803,13.778872164805438,0.0,54.13954183717095,27.0
MOTHERSON,2016.0,4.766766981943251,9.533533963886502,40.34569024334774,1.3802592676825107,10.797101449275363,1.8924993643529113,9.021103483346046,0.0,54.133560708637035,27.0
DABUR,2020.0,16.672423719055843,20.63327576280944,21.91946715107478,0.07901907356948229,39.94,0.9301702902431188,15.50819320981043,0.0,54.100084079941055,22.0
DRREDDY,2024.0,19.913605369319196,28.321016743422227,19.74233736816026,0.07085722375592836,51.707602339181285,0.7223053120165034,14.383702939659617,0.0,54.03964567713908,28.0
WIPRO,2013.0,16.516163505209725,20.456852791878173,23.272097575666315,0.240212317422075,31.47750865051903,0.858072946516586,14.172073084065016,0.0,53.96033416494105,29.0
DLF,2024.0,42.38369379181578,33.04807841916913,6.908270142781061,0.12259389820192235,7.457865168539326,0.10880495691479457,4.611555976908361,0.0,53.9035199115052,29.0
PIDILITIND,2013.0,11.52800435019032,15.171288743882544,25.681405208964264,0.06723198061780739,41.5625,1.4059633027522935,16.207951070336392,0.0,53.41736062949098,30.0
RECLTD,2014.0,27.527143935435173,96.67305347500435,22.789982214103734,6.065134836321684,1.6597907324364722,0.1126098441259546,3.0998273878020717,0.0,53.41695353734098,26.0
TATAMOTORS,2024.0,7.263066074788551,13.595385542828959,37.45613415294755,1.2631244259167667,6.530242339274985,1.1851234435931923,8.607629877598297,0.0,53.326830105334395,30.0
HCLTECH,2023.0,14.631958681595963,22.303264469326606,22.697041510587876,0.07329714853604465,67.94900849858357,1.088,15.919571045576408,0.0,53.248571237760245,24.0
HCLTECH,2024.0,14.293122742532729,22.015594151738192,23.01393141233172,0.08435023365512796,46.46112115732369,1.1101650405025958,15.867725188372422,0.0,53.17477934323687,31.0
PFC,2022.0,24.60989745876059,30.602396999816424,26.18449690272895,9.214744126346336,0.523764790087007,0.09641213653603034,2.372692793931732,0.0,53.16708715542127,23.0
IRCTC,2015.0,12.370160528800756,14.353163361661943,29.504504504504503,0.0,,0.9113597246127366,11.273666092943202,0.0,53.148331126248465,23.0
BAJFINANCE,2023.0,27.7897177078554,30.65127623095313,21.16530567203708,3.985323328183624,-2546.4,0.15046180230065473,4.181291011750343,0.0,53.13631439164282,25.0
NHPC,2021.0,37.3134328358209,54.69527363184079,10.891598342056696,0.7068949868393186,11.029462738301559,0.13191861737037847,4.922336469043973,0.0,53.12736764692157,19.0
POWERGRID,2013.0,32.97148536044645,82.84534821496827,16.3352649320153,2.6221641480134834,4.541362062331666,0.11536901150074085,3.8038876737458547,0.0,53.110637966207605,31.0
EICHERMOT,2020.0,19.958488092637097,23.847498361372075,18.30477908025248,0.024947400060114217,145.0,0.7352610441767068,14.674698795180724,0.0,52.9379659680703,23.0
RECLTD,2013.0,28.113539680211236,97.33020390200969,21.86537364517969,6.147290359383914,1.6422120499814425,0.10441908554798192,2.9355901049245614,0.0,52.91450343031549,32.0
ADANIPORTS,2020.0,31.8790533142424,50.08843594710688,14.868209136976077,1.1879640177554307,4.036391594054331,0.1917567065587803,6.113022271750893,0.0,52.86028472296937,24.0
HCLTECH,2022.0,15.78849050215409,23.96819651842944,21.841586717059148,0.10244855767677746,67.69905956112852,0.9632257846852824,15.207881152933503,0.0,52.837958372146744,24.0
RECLTD,2024.0,29.7682934528695,100.7702506471368,20.39653929343908,6.4249170872386445,1.6004741552023507,0.08667964267928514,2.5803050396668312,0.0,52.745137785975416,32.0
HCLTECH,2016.0,17.992034943473794,21.3707605344296,20.451973275893543,0.03979409295023913,101.6891891891892,0.7914389568135024,14.239597366614982,0.0,52.68360558598232,28.0
ASIANPAINT,2018.0,12.469539375928678,19.043090638930163,24.94649227110583,0.0633769322235434,86.34146341463415,1.2224805638305603,15.243769526992661,0.0,52.659801174027166,24.0
ADANIPORTS,2024.0,30.339560480700833,58.36172363445772,15.3548827162833,0.9373223691689719,5.949506037321624,0.22830109659056916,6.926554927819896,0.0,52.62099812480403,33.0
SUNPHARMA,2015.0,19.99123831775701,28.818633177570092,21.358920352601608,0.35088540447772837,14.122625215889464,0.5621985509923445,11.239045214785625,0.0,52.589203885144244,24.0
LTIM,2024.0,12.90931103415266,17.982937748120616,22.904386052552702,0.10345688880007993,31.93243243243243,1.2894641301190821,16.64609352309033,0.0,52.45979060979569,34.0
ABB,2018.0,12.15888417222559,15.918738629472406,23.685764914353218,0.0,160.5,1.365066225165563,16.5976821192053,0.0,52.44233120578411,25.0
POWERGRID,2021.0,30.363269424823407,88.05751765893038,17.210020590253947,2.0480439258750858,4.385371850030731,0.15502057033804184,4.706931343563752,0.0,52.28022135864111,20.0
PFC,2019.0,23.361549550881602,32.866964846782246,26.824558052672902,11.448993017975,0.5162734282496317,0.08603699657639349,2.009957558728447,0.0,52.19606516228295,26.0
TATASTEEL,2018.0,14.396060008600475,17.38999910749783,29.148527213287117,1.5138078888140494,5.926856095325389,0.5904935751861328,8.500780943072604,0.0,52.045368164960195,26.0
DRREDDY,2014.0,14.632873648900485,24.23406634364517,24.958677685950413,0.5692307692307692,26.937007874015748,0.84339243052936,12.341254872375204,0.0,51.9328062072261,27.0
DRREDDY,2015.0,15.549490780802769,23.35086201158224,23.708515173043743,0.4378361920227342,34.888888888888886,0.8139459283740587,12.656444709324374,0.0,51.91445066317089,25.0
DRREDDY,2023.0,18.269152817186868,26.22618565058776,19.35497723954307,0.05784591600103066,52.03496503496503,0.7659349871154025,13.992983327641342,0.0,51.61711338437128,26.0
BOSCHLTD,2017.0,16.684235745088642,18.811691423095354,19.786339356745085,0.0,106.48148148148148,0.8843220338983051,14.754237288135593,0.0,51.22481238996932,26.0
ABB,2014.0,8.699472759226714,11.731107205623902,25.12690355329949,0.0,,1.9982440737489024,17.383669885864794,0.0,51.210046198391,28.0
PIDILITIND,2019.0,13.111048318734106,19.369878496750495,22.372227579556416,0.027242044358727097,57.73076923076923,1.1988482384823849,15.718157181571815,0.0,51.20143307986234,27.0
KOTAKBANK,2023.0,35.40841261180043,79.44058266707789,13.348060171356002,3.745568533457349,1.2877919279750683,0.06793836532727301,2.4055896716793193,0.0,51.16206245483575,27.0
ABB,2015.0,10.004368719965049,13.630406290956751,24.439701173959445,0.0,,1.665938864628821,16.666666666666664,0.0,51.11073656059116,26.0
TORNTPHARM,2024.0,15.436241610738255,31.3944817300522,24.154025670945156,0.5866394399066511,9.926553672316384,0.7396070320579111,11.416752843846949,0.0,51.00702012553036,35.0
DABUR,2022.0,15.997795940857745,20.681421618146754,20.782629444046766,0.12288236697685516,65.64102564102564,0.8864376424617388,14.181048518397915,0.0,50.96147390330242,25.0
PNB,2022.0,5.125783688780462,,39.87348229772472,5.403632282420161,,1.161358131883197,5.95287056923944,0.0,50.952136555744616,26.0
LODHA,2012.0,12.897765741367637,24.509140148950575,33.83658969804618,3.782415630550622,3.338582677165354,0.3187311178247734,4.110919292188174,0.0,50.84527473160199,1.0
HINDUNILVR,2023.0,16.743149554308353,76.64740838560581,20.16340648854962,0.024232665394402036,103.69642857142857,0.8289886010646305,13.879880126441973,0.0,50.78643616929995,28.0
POWERGRID,2020.0,29.300021195421788,87.12908011869436,17.0937925064919,2.2917954742178805,3.75496897675886,0.14705206275738203,4.308628555621788,0.0,50.70244225753548,25.0
BPCL,2021.0,7.524840227483046,9.124086005621908,32.340584445896745,1.0182429278312015,16.535113174695297,1.4298289207220862,10.759234181068221,0.0,50.624658854448015,21.0
HCLTECH,2020.0,15.644631841077594,24.50053766483672,21.56748005539626,0.15577271929311254,35.45544554455446,0.8533790555307357,13.350801144664873,0.0,50.56291304113873,26.0
KOTAKBANK,2022.0,35.82881360955514,90.98426246999199,12.50607769099467,3.783654890601562,1.2298624754420433,0.061740390632719605,2.2120849481608347,0.0,50.54697624871065,27.0
WIPRO,2021.0,17.547428755953824,23.849196738516188,19.795632137848127,0.190360831314548,33.7426326129666,0.7501271709904803,13.162803090860645,0.0,50.5058639846626,22.0
LODHA,2011.0,12.149102623101703,23.469857340082832,35.483870967741936,7.521505376344086,2.314487632508834,0.22926777801223888,2.7853977632411904,0.0,50.41837135408483,1.0
DIVISLAB,2023.0,23.483970645036695,30.513711857860176,14.286833241951907,0.0003133077465340331,1357.0,0.5384402079722703,12.64471403812825,0.0,50.41551792511685,29.0
ADANIPOWER,2022.0,17.725812854101257,35.6573201977554,26.613209080565635,2.662675407704394,3.3672771672771673,0.33801734548248985,5.991632207462705,0.0,50.330654142129596,28.0
DIVISLAB,2018.0,22.539193009509123,32.61372397841172,14.801687763713081,0.010632911392405063,688.0,0.5734708916728076,12.92557111274871,0.0,50.26645188597091,27.0
RECLTD,2015.0,26.012461059190027,94.4071261682243,21.31461391193363,6.021817166560306,1.638597972972973,0.1119832548403977,2.912960055817199,0.0,50.24003502694086,27.0
MOTHERSON,2015.0,3.7275323851014104,8.2051873863997,38.86883273164862,1.5436221419975933,9.61006289308176,1.9891535150645625,7.414634146341463,0.0,50.01099926309149,28.0
